[
  {
    "line": 20,
    "elements": [
      {
        "line": 24,
        "name": "SLIK Gateway Non Customer View Detail Link",
        "description": "",
        "id": "title-of-your-feature;slik-gateway-non-customer-view-detail-link",
        "type": "scenario",
        "keyword": "Scenario",
        "steps": [
          {
            "result": {
              "duration": 4352498021,
              "status": "passed"
            },
            "line": 25,
            "name": "Go to ISTools",
            "match": {
              "location": "Login_IST.go_to_ISTools_URL()"
            },
            "keyword": "Given "
          },
          {
            "result": {
              "duration": 1916505840,
              "status": "passed"
            },
            "line": 26,
            "name": "Login IST with valid credentials",
            "match": {
              "location": "Login_IST.I_want_to_login_to_IST(DataTable)"
            },
            "rows": [
              {
                "cells": [
                  "username",
                  "password"
                ]
              },
              {
                "cells": [
                  "mobile.test",
                  "heMxIzEAyQpycx257HePHg\u003d\u003d"
                ]
              }
            ],
            "keyword": "When "
          },
          {
            "result": {
              "duration": 552984679,
              "status": "passed"
            },
            "line": 29,
            "name": "Login Success for contract dispatcher",
            "match": {
              "location": "Login_IST.Login_Success_for_dispatcher()"
            },
            "keyword": "Then "
          },
          {
            "result": {
              "duration": 772783974,
              "status": "passed"
            },
            "line": 30,
            "name": "Select Menu SLIK Gateway NonCustomer",
            "match": {
              "location": "Slik_Script.Menu_SLIK_Gateway_NonCustomer()"
            },
            "keyword": "And "
          },
          {
            "result": {
              "duration": 1229151227,
              "status": "passed"
            },
            "line": 32,
            "name": "Select Status is \"APPROVED\"",
            "match": {
              "arguments": [
                {
                  "val": "APPROVED",
                  "offset": 18
                }
              ],
              "location": "Slik_Script.Slik_Status(String)"
            },
            "keyword": "And "
          },
          {
            "result": {
              "duration": 3281877472,
              "status": "passed"
            },
            "line": 33,
            "name": "Click button \"Search\"",
            "match": {
              "arguments": [
                {
                  "val": "Search",
                  "offset": 14
                }
              ],
              "location": "Contract_Dispatcher.ClickButton(String)"
            },
            "keyword": "And "
          },
          {
            "result": {
              "duration": 2671496585,
              "status": "passed"
            },
            "line": 36,
            "name": "Verify Search Result Based on Result Status",
            "match": {
              "location": "Slik_Script.Verify_Result_Status()"
            },
            "keyword": "And "
          },
          {
            "result": {
              "duration": 595864218,
              "status": "passed"
            },
            "line": 37,
            "name": "Click View Detail Link",
            "match": {
              "location": "Slik_Script.Slik_Verify_Detail()"
            },
            "keyword": "And "
          },
          {
            "result": {
              "duration": 2949626430,
              "status": "passed"
            },
            "line": 38,
            "name": "Take Screenshot \"View_detail_NonCutomer.png\"",
            "match": {
              "arguments": [
                {
                  "val": "View_detail_NonCutomer.png",
                  "offset": 17
                }
              ],
              "location": "Slik_Script.takescreenshot(String)"
            },
            "keyword": "And "
          },
          {
            "result": {
              "duration": 3492554594,
              "status": "passed"
            },
            "line": 39,
            "name": "Verify Slik Result Detail Link",
            "match": {
              "location": "Slik_Script.Slik_Verify_Detail_Result()"
            },
            "keyword": "And "
          },
          {
            "result": {
              "duration": 3559192025,
              "status": "passed"
            },
            "line": 40,
            "name": "Click button \"Logout\"",
            "match": {
              "arguments": [
                {
                  "val": "Logout",
                  "offset": 14
                }
              ],
              "location": "Contract_Dispatcher.ClickButton(String)"
            },
            "keyword": "And "
          },
          {
            "result": {
              "duration": 96506566,
              "status": "passed"
            },
            "line": 41,
            "name": "Close browser",
            "match": {
              "location": "Contract_Dispatcher.close_browser()"
            },
            "keyword": "And "
          }
        ],
        "tags": [
          {
            "name": "@tag"
          },
          {
            "name": "@tag1"
          }
        ]
      }
    ],
    "name": "Title of your feature",
    "description": "  I want to use this template for my feature file",
    "id": "title-of-your-feature",
    "keyword": "Feature",
    "uri": "/Users/chaidir.pratama01/Katalon Studio/IST_Automation_Git/Include/features/IST_Real/SLIK/SLIK Gateway Non Customer/SLIK_Gateway_Non_Customer_View_Detail_when_Status_APPROVED-SUCCESS.feature",
    "tags": [
      {
        "name": "@tag",
        "type": "Tag",
        "location": {
          "line": 19,
          "column": 1
        }
      }
    ]
  }
]